<?xml version="1.0" encoding="UTF-8"?>
<beans xmlns="http://www.springframework.org/schema/beans"
	xmlns:xsi="http://www.w3.org/2001/XMLSchema-instance"
	xmlns:context="http://www.springframework.org/schema/context"
	xsi:schemaLocation="http://www.springframework.org/schema/beans https://www.springframework.org/schema/beans/spring-beans-4.3.xsd
		http://www.springframework.org/schema/context https://www.springframework.org/schema/context/spring-context-4.3.xsd">
	
	<!-- Root Context: defines shared resources visible to all other web components -->
	<!-- 기존의 로거 slf4j를 쓸때, 기본 -->
<!--  	
	<bean id="dataSource" class="org.springframework.jdbc.datasource.DriverManagerDataSource">
		<property name="driverClassName" value="com.mysql.jdbc.Driver" />
		<property name="url" value="jdbc:mysql://localhost:3306/goott7?useSSL=false" />
		<property name="username" value="scott" />
		<property name="password" value="tiger" />
	</bean>
 -->	 
	
	<!-- mybatis log를 더 자세히 보기 위한 라이브러리 : log4jdbc-log4j2-jdbc4 를 위한 설정 -->
	
	<bean id="dataSource" class="org.springframework.jdbc.datasource.DriverManagerDataSource">
		<property name="driverClassName" value="net.sf.log4jdbc.sql.jdbcapi.DriverSpy" />
		<property name="url" value="jdbc:log4jdbc:mysql://localhost:3306/goott7?useSSL=false" />
		<property name="username" value="scott" />
		<property name="password" value="tiger" />
	</bean>
	
	<bean id="sqlSessionFactory" class="org.mybatis.spring.SqlSessionFactoryBean">
		<property name="dataSource" ref="dataSource" />
		<property name="mapperLocations" value="classpath:mappers/**/*.xml" />
		<property name="configLocation" value="classpath:/mybatis-config.xml" />
	</bean>
	
	<bean id="sqlSession" class="org.mybatis.spring.SqlSessionTemplate" destroy-method="clearCache">
		<constructor-arg name="sqlSessionFactory" ref="sqlSessionFactory"></constructor-arg>
	</bean>
	
	
	<!-- repository 계층(Data Access) 작업(등록) -->
	<context:component-scan base-package="com.exam.dao" />
	
	<!-- service 계층(Business Logic) -->
	<context:component-scan base-package="com.exam.service" />
	
	<!-- exception 처리 -->
	<context:component-scan base-package="com.exam.advice"/>
	
</beans>
