<?xml version="1.0" encoding="UTF-8"?>
<configuration>
	<include resource="org/springframework/boot/logging/logback/base.xml"/>
	
	<!-- log4jdbc-log4j2 환경 설정 -->
	<logger name="jdbc.sqlonly" 		level="DEBUG">
		<logger name="jdbc.sqltiming" 	level="INFO"/>
		<logger name="jdbc.audit" 		level="WARN" />
		<logger name="jdbc.resultset" 	level="ERROR" />
		<logger name="jdbc.reslultsettable" level="ERROR"/>
		<logger name="jdbc.connection" 		level="INFO" />
	</logger>
	
	
</configuration>