<?xml version="1.0" encoding="UTF-8"?>

<!DOCTYPE configuration
  PUBLIC "-//mybatis.org//DTD Config 3.0//EN"
  "http://mybatis.org/dtd/mybatis-3-config.dtd">
  
<configuration>
	<typeAliases>
		<!-- <typeAlias type=""/>   별칭도 그냥 패키지로 묶어준다. namespace 중요해짐 -->
		<package name="com.exam.dto"/>  <!-- 여기에 있는 DTO를 알아서 넣어주도록 -->
	</typeAliases>

<!--  dataSource 이미 했고
  <environments default="development">
    <environment id="development">
      <transactionManager type="JDBC"/>
      <dataSource type="POOLED">

        <property name="driver" value="${driver}"/>
        <property name="url" value="${url}"/>
        <property name="username" value="${username}"/>
        <property name="password" value="${password}"/>

      </dataSource>
    </environment>
  </environments>
-->

<!--    매퍼도 이미 함
  <mappers>
    <mapper resource="org/mybatis/example/BlogMapper.xml"/>
  </mappers>
-->  
</configuration>