<?xml version="1.0" encoding="UTF-8"?>

<!DOCTYPE mapper
  PUBLIC "-//mybatis.org//DTD Mapper 3.0//EN"
  "http://mybatis.org/dtd/mybatis-3-mapper.dtd">
  
<mapper namespace="com.exam.dao.BbsDAO">
	
	<insert id="insert">
		<!-- 오라클의 시퀀스는 호출해서 증가시키는데 mysql의 오토 인크리먼트는 호출 없이 알아서 증가 -->
		insert into tbl_board (subject, content, writer)
		values (#{subject}, #{content}, #{writer})
	</insert>
	
	<select id="read" resultType="com.exam.dto.BbsDTO">
		select * from tbl_board
		where bid = #{bid}
	</select>
	
	<update id="update">
		update tbl_board
		set subject = #{subject}, content = #{content}
		where bid = #{bid}
	</update>
	
	<delete id="delete">
		delete from tbl_board where bid = #{bid}
	</delete>
	
	<!-- sql문 중간에 부등호가 들어가는 경우 xml이 혹시 태그로 인식할 수 있으므로 xml CDATA로 문자로 명확히 인식시키는 것이 권장 -->
	<!-- where 절은 bid가 음수인 경우 등 만약을 대비해서 써둔것 -->
	<select id="list" resultType="com.exam.dto.BbsDTO">
	<![CDATA[
		select *
		from tbl_board
		where bid > 0
		order by bid desc, regdate desc
	]]>
	</select>
	
</mapper>